Metric,Value
Accuracy,0.6576305220883534
Precision,0.6430592360301215
Recall,0.6576305220883534
F1 Score,0.6421898304710426
