Model,Accuracy,Precision,Recall,F1 Score
Logistic Regression,0.8358433734939759,0.8083750296815381,0.8358433734939759,0.8087068405363959
Decision Tree,0.7751004016064257,0.7710064062002407,0.7751004016064257,0.7729266492525608
Random Forest,0.8192771084337349,0.7880939819189384,0.8192771084337349,0.7924084940618185
